brands,commision
"Alexander, Mercado and West",0
Bailey-Johnston,15
Barnett Group,13
"Barton, Murray and Huber",0
Brown-Vega,0
"Bryant, Novak and Burns",11
Carlson Group,0
Coleman Inc,0
"Cummings, Silva and Galloway",0
"Decker, Carter and Dunn",0
Duncan and Sons,0
Duran-Thompson,15
Evans-Bell,3
Farley and Sons,5
"Farmer, Pace and Saunders",0
"Fitzgerald, Delgado and Williams",0
Fox Group,0
Garner-Martinez,13
Green PLC,0
"Hall, Price and Mccarthy",5
Hammond Inc,0
Hayes-Ali,0
Ho-Hall,0
Holden and Sons,0
"Jimenez, Baker and Davenport",0
"Jones, Anderson and Mcintyre",0
"Long, Jones and Carter",0
Mitchell-Smith,3
"Moore, Peters and Freeman",0
Moore-Wagner,0
Parker-Fischer,0
Peters-Hanna,0
Peters-Mclaughlin,0
"Roberts, Sparks and Rose",0
Salinas-Glenn,0
Sharp Ltd,4
"Simmons, Diaz and Alexander",6
Small-Anthony,0
Smith LLC,0
"Smith, Jackson and George",0
Smith-Hunter,0
Taylor PLC,0
Thomas-Thompson,5
"Velasquez, Nicholson and Burton",0
"Vincent, Collins and Arnold",0
Walton-Stewart,0
Ward-Olsen,0
"Watts, Fisher and Shah",0
West PLC,0
Yoder-Bradley,0
